Category,Metric,Current Status,Week 13 Target,Success Probability,Notes
FINANCIAL,Starting Capital,$500000,N/A,100%,Pre-seed confirmed
FINANCIAL,13-Week Burn Budget,$265000,$265000,90%,Conservative estimate
FINANCIAL,Remaining Cash After 13 Weeks,$235000,>$235000,85%,Buffer for Series A bridge
FINANCIAL,Weekly Burn Rate,$15-25K,$15-25K,95%,Ramping up with team
FINANCIAL,Monthly Recurring Revenue,$0,~$10400,85%,3 customers at go-live
FINANCIAL,Annualized Revenue Run Rate,$0,$125000,85%,3 customers Ã— $40K ACV avg
FINANCIAL,Customer #1 ACV,$0,$50000,70%,Largest target customer
FINANCIAL,Customer #2 ACV,$0,$40000,70%,Mid-sized customer
FINANCIAL,Customer #3 ACV,$0,$35000,70%,Smaller customer
FINANCIAL,CAC (Customer Acquisition Cost),$0,$6000,85%,Warm intros only
FINANCIAL,LTV (Lifetime Value),$0,$150000,70%,3-year horizon
FINANCIAL,LTV:CAC Ratio,N/A,25:1,85%,8x better than SaaS benchmark
FINANCIAL,Gross Margin,N/A,70-75%,90%,SaaS target
FINANCIAL,Payback Period,N/A,41 days,80%,Average across customers
FINANCIAL,Runway (weeks),35+,20+,95%,Always >16 weeks
LEGAL,Delaware Incorporation,Prepared,Complete,100%,Filed Week 1
LEGAL,EIN Number,N/A,Received,100%,Applied Week 1
LEGAL,Business Bank Account,N/A,Opened,100%,Opened Week 1
LEGAL,Board Charter,Drafted,Finalized,95%,3-person board structure
LEGAL,Founder Vesting,N/A,4-year 1-cliff,100%,Standard structure
LEGAL,Cap Table Status,Preliminary,Finalized,95%,Pre-Series A structure
COMPLIANCE,SOC 2 Type I Status,Not Started,In Progress,70%,Auditor engagement Week 10
COMPLIANCE,GDPR Compliance,Not Applicable,Conditional,85%,DPA template ready
COMPLIANCE,Insurance Binding,Quotes Collected,Bound,80%,RFP sent Week 1
COMPLIANCE,E&O Insurance Coverage,$0,$2000000,85%,Professional liability
COMPLIANCE,D&O Insurance Coverage,$0,$1000000,90%,Directors & Officers
COMPLIANCE,Cyber Insurance Coverage,$0,$1000000,85%,Cyber liability
COMPLIANCE,Tax Compliance,Preliminary,Quarterly Filed,85%,Q1 estimated taxes due
COMPLIANCE,Vendor Compliance Matrix,Template,Completed,80%,All vendors SOC 2 checked
COMPLIANCE,Data Privacy Verification,Framework,Quarterly Test,85%,Zero-exposure validation
COMPLIANCE,Legal Hold Procedures,Drafted,Framework Ready,90%,Data preservation process
PRODUCT,MVP Feature Set,Planned,6 Core Features,85%,Architecture locked
PRODUCT,Architecture Review,Scheduled,External Approved,90%,External advisor validation
PRODUCT,Test Coverage Target,Baseline,80%+,75%,CI/CD pipeline needed
PRODUCT,Uptime SLA Target,N/A,99.5%,85%,Performance baseline in Week 4
PRODUCT,API Response Time Target,N/A,<200ms p95,80%,Load testing Week 4
PRODUCT,Error Rate Target,N/A,<0.5%,80%,Production monitoring
PRODUCT,Critical Bugs Found,0,0,95%,Pre-launch phase
PRODUCT,Security Vulnerabilities,0,0,100%,Code review process
PRODUCT,Customer Implementation Runbook,Template,Finalized,90%,14-day process
PRODUCT,Go-Live Success Rate,N/A,100%,85%,All customers live on-time
SALES,Prospect List Size,25,50,90%,Warm intro qualified
SALES,Discovery Calls Completed,0,15+,70%,Starts Week 4
SALES,Demo Delivery,Prepared,10+,75%,Demo deck Week 3
SALES,POC Conversion Rate,N/A,40%+,75%,Historical benchmark
SALES,Sales Cycle Length,N/A,21 days,80%,Warm intro advantage
SALES,Win Rate,N/A,40%+,75%,Target deal closure rate
SALES,Customer #1 Deal Signed,No,Yes,70%,Target Week 7 (Day 63)
SALES,Customer #2 Deal Signed,No,Yes,65%,Target Week 8 (Day 57)
SALES,Customer #3 Deal Signed,No,Yes,60%,Target Week 9 (Day 59)
SALES,Pipeline Value,$0+,$600000,70%,Qualified leads by Week 13
SALES,Customer NPS Score,N/A,8.5+,75%,Strong satisfaction target
SALES,Customer Expansion Rate,N/A,20% of ACV,60%,Upsell opportunity
SALES,Customer Churn Rate,N/A,0%,95%,No early-stage churn
MARKETING,Website Status,Planned,Live,70%,SEO + GTM ready
MARKETING,Blog Posts Published,0,5+,60%,Content marketing starts Week 8
MARKETING,Case Studies Completed,1,3,100%,All 3 case study templates complete
MARKETING,Press Release Drafted,Yes,Series A Ready,95%,Announcement template prepared
MARKETING,Social Media Content,Planned,Scheduled,65%,6-month calendar ready
OPERATIONS,CEO Founder,Active,Full-Time,100%,1.0 FTE
OPERATIONS,CTO Status,Searching,Hired,90%,Contract Week 2
OPERATIONS,VP Sales Status,Interviewing,Hired,85%,Start Week 2
OPERATIONS,Backend Engineers,0,2 hired,80%,Weeks 3-4 hire
OPERATIONS,Customer Success Manager,N/A,0.5 FTE Hired,75%,Week 6 start
OPERATIONS,Operations/Admin,N/A,0.5 FTE Hired,70%,Week 8 start
OPERATIONS,Total FTE Current,1.5,5.5,80%,Full team by Week 13
OPERATIONS,Daily Standup Cadence,Planned,3pm EST Daily,95%,15-min format
OPERATIONS,Weekly Review Schedule,Planned,Friday 4pm,95%,30-min format
OPERATIONS,Monthly Board Meeting,Scheduled,1st Monday,90%,1-hour format
OPERATIONS,Quarterly Retrospective,Planned,Q1 End,85%,Team reflection
SERIES A,Investor Deck Status,Outline,13 Slides Final,95%,Professional presentation
SERIES A,Financial Model Status,Draft,v2.0 Validated,95%,Investor-grade
SERIES A,Cap Table Updated,Preliminary,Series A Ready,95%,Post-money structure
SERIES A,Customer Case Studies,3 Templates,3 Final,100%,All case studies ready
SERIES A,Team Bios Prepared,Yes,Professional,90%,Founder + team background
SERIES A,Investor Target List,50+,50+ Tiered,95%,Tier 1/2/3 identified
SERIES A,Warm Intro Strategy,Planned,Ready to Execute,80%,Customer + adviser paths
SERIES A,Investor Meeting Process,Planned,Playbook Ready,90%,45-min format + Q&A
SERIES A,Term Sheet Strategy,Planned,Negotiation Ready,85%,Valuation + terms prepared
SERIES A,First Investor Meetings,Not Started,Week 12 Target,70%,8-12 meetings scheduled
SERIES A,Customer Reference Calls,Not Started,Week 13+ Target,80%,2-3 customers available
SERIES A,Fundraising Timeline,March 2026 Target,March 2026 Goal,75%,Series A close target
OPERATIONS,KPI Dashboard Live,Prepared,Updated Weekly,95%,Every Friday 5pm
OPERATIONS,Burn Rate Tracking,Ready,Weekly Update,95%,Careful cash management
OPERATIONS,Revenue Tracking,Ready,Weekly Update,90%,Customer #1 milestone
OPERATIONS,Team Morale Monitoring,Framework,Weekly 1:1s,80%,Burnout risk check
OPERATIONS,Risk Log Active,Yes,Updated Weekly,95%,Mitigation tracking
EXECUTION,Week 1 Go-Gate Items,5 Ready,5 Complete,100%,Incorporation + setup
EXECUTION,Week 5 Go-Gate Items,4 Ready,3+ Complete,85%,MVP + sales launch
EXECUTION,Week 9 Go-Gate Items,4 Ready,3+ Complete,70%,First customer signed
EXECUTION,Week 13 Go-Gate Items,5 Ready,4+ Complete,75%,$125K ARR achieved
OVERALL,Document Count,127,127,100%,All planning docs complete
OVERALL,Total Word Count,500000+,500000+,100%,Comprehensive documentation
OVERALL,Planning Completeness,96.6%,96.6%,100%,All critical areas covered
OVERALL,Investor Readiness,High,Series A Ready,95%,Professional package complete
OVERALL,Execution Confidence,High,High,85%,All frameworks in place
