Phase,Version,Month,Timeline,Milestone,Status,Feature/Deliverable,Owner,Est. Hours,FTE Impact,Infrastructure,Risk Level,Success Metrics
V1.0,1.0,0,M0-3,Product Launch,In Progress,Pricing Engine Core,Principal Eng,1200,3,AWS ECS/RDS,Medium,"1K decisions/sec, <5ms p99"
V1.0,1.0,0,M0-3,Product Launch,In Progress,Receipt Ledger,Backend Eng,600,2,AWS RDS,Low,"SHA-256 hashing, 90-day retention"
V1.0,1.0,0,M0-3,Product Launch,In Progress,Customer Dashboard,Frontend Eng,800,2,React/CloudFront,Medium,"5-min setup, real-time metrics"
V1.0,1.0,0,M0-3,Product Launch,In Progress,Billing Integration,Backend Eng,400,1,Stripe API,Low,"First customer payment collection"
V1.0,1.0,0,M0-3,Product Launch,In Progress,HTTP API,Backend Eng,600,2,AWS ECS,Medium,"3 endpoints, 10K req/min rate limit"
V1.0,1.0,0,M0-3,Product Launch,In Progress,DevOps & Infrastructure,DevOps Eng,400,1,AWS/CloudWatch,Medium,"99.95% uptime, load testing"
V1.0,1.0,1,M1-2,Customer #1 POC,Pending,First Customer Onboarding,Sales,200,0.5,Shared infra,High,"API integration, margin visible"
V1.0,1.0,2,M2-3,Customer #2-3 Acquisition,Pending,Reference Customer Closing,Sales,150,0.5,Shared infra,High,"2-week sales cycle"
V1.0,1.0,3,End of Phase,Launch Complete,Pending,Production Validation,QA,100,0.25,Monitoring,High,"99.95% uptime, all tests green"
V1.1,1.1,4,M4-6,Vertical Expansion,Pending,Multi-Warehouse Orchestration,Backend Eng,1600,4,AWS Kafka,Medium,"100K events/min, <500ms rebalance"
V1.1,1.1,4,M4-6,Vertical Expansion,Pending,Healthcare Ontology,Domain Eng,500,1.25,RDF Store,Medium,"DEA code validation 100%"
V1.1,1.1,4,M4-6,Vertical Expansion,Pending,Logistics Ontology,Domain Eng,500,1.25,RDF Store,Medium,"Hazmat compatibility matrix"
V1.1,1.1,5,M5-6,Platform Foundation,Pending,Partner Schema Extensibility,Backend Eng,800,2,PostgreSQL,Low,"5 custom fields, schema versioning"
V1.1,1.1,5,M5-6,Platform Foundation,Pending,Advanced Monitoring,DevOps Eng,600,1.5,Prometheus/Grafana,Low,"<500ms anomaly detection"
V1.1,1.1,6,End of Phase,V1.1 Launch,Pending,Customer Acquisition Push,Sales,300,1,Infra upgrade,Medium,"15-25 customers, $50K MRR"
V1.2,1.2,7,M7-9,Partner Ecosystem,Pending,Partner Developer Portal,Full Stack,700,2,React/Docker,Medium,"2-week partner integration"
V1.2,1.2,7,M7-9,Partner Ecosystem,Pending,Partner Billing & Revenue Share,Backend Eng,500,1,Stripe Connect,Low,"20-30% commission, auto-payout"
V1.2,1.2,8,M8-9,Platform Maturity,Pending,Marketplace for Partners,Full Stack,600,1.5,React/ECS,Medium,"5+ partners, 50% adoption"
V1.2,1.2,8,M8-9,Platform Maturity,Pending,Advanced Rule Builder,Frontend Eng,900,2,React/Monaco,Medium,"No-code UI, A/B testing"
V1.2,1.2,9,End of Phase,Platform Launch,Pending,Profitability Achievement,Finance,50,0.125,N/A,Low,"Positive net income"
V2.0,2.0,10,M10-15,Ecosystem & Marketplace,Pending,Marketplace Catalog (30 templates),Product Eng,1000,2,React/ECS,Low,"$5K incremental MRR"
V2.0,2.0,11,M10-15,Ecosystem & Marketplace,Pending,AI Rule Recommendations,ML Eng,1200,2,Python/KServe,Medium,"70%+ accuracy, 30% adoption"
V2.0,2.0,12,M12-13,Analytics Launch,Pending,Customer Analytics & Insights,Backend Eng,800,1.5,BigQuery,Low,"Monthly impact reports"
V2.0,2.0,13,M13-14,Enterprise Features,Pending,Enterprise SSO & Team Management,Backend Eng,700,1.5,Auth0/IAM,Medium,"3 SSO providers, RBAC"
V2.0,2.0,14,M14-15,Scale Push,Pending,Sales & Customer Success Expansion,Sales,400,2,CRM,Medium,"60-80 customers, $250K+ MRR"
V2.1,2.1,16,M16-20,AI Intelligence,Pending,Autonomous Rule Optimization,ML Eng,1400,2.5,Python/TensorFlow,High,"3-5% margin improvement"
V2.1,2.1,17,M17-19,Value Discovery,Pending,Value Discovery Engine,ML Eng,1200,2,Python/XGBoost,High,"10%+ undermonetized SKU detection"
V2.1,2.1,18,M18-19,Supply Chain AI,Pending,Predictive Supply Chain,Data Scientist,1000,2,Python/Prophet,Medium,"<15% forecast MAPE"
V2.1,2.1,19,M19-20,Impact Measurement,Pending,Impact Dashboard,Product Eng,600,1,React/BigQuery,Low,"Within 5% of GL accuracy"
V3.0,3.0,21,M21-24,Federation,Pending,Federated Ontology Graph,Principal Arch,1600,3,RDF Graph DB,High,"3+ vendor sync, zero data leakage"
V3.0,3.0,22,M22-23,Vendor Hub,Pending,Vendor Integration Hub,Integration Eng,1200,2.5,Apache Airflow,Medium,"10+ integrations"
V3.0,3.0,23,M23-24,Vertical Playbooks,Pending,Industry Vertical Playbooks,Product Eng,800,1.5,Documentation,Low,"60%+ adoption per vertical"
V3.0,3.0,24,End of Phase,Market Leadership,Pending,Platform Stability & Scale,DevOps Eng,700,1.5,Kubernetes,Low,"99.99% uptime, 1M decisions/sec"

Engineering Team Progression,,0,Month 0,Team Formation,Complete,5.5 FTE,HR,0,5.5,N/A,Low,"Principal, Backend x2, Frontend, DevOps, PM"
Engineering Team Progression,,6,Month 6,First Expansion,Target,8 FTE,HR,0,2.5,N/A,Medium,"Add Backend Eng, Sales Eng, PM"
Engineering Team Progression,,9,Month 9,Platform Launch,Target,9.5 FTE,HR,0,1.5,N/A,Medium,"Add Frontend, Partner Manager"
Engineering Team Progression,,15,Month 15,Marketplace Launch,Target,13 FTE,HR,0,3.5,N/A,High,"Add ML Eng, DevOps, Sales Eng, PM"
Engineering Team Progression,,20,Month 20,AI Integration,Target,17 FTE,HR,0,4,N/A,High,"Add ML Eng, Data Scientist, CS Manager"
Engineering Team Progression,,24,Month 24,Market Leader,Target,21 FTE,HR,0,4,N/A,Medium,"Add Principal Arch, Integration Eng, Compliance Eng, Dir Product"

Financial Milestones,,0,Month 0,Funding Raised,Target,$500K,Finance,0,N/A,N/A,High,"Pre-seed funding for 5-month runway"
Financial Milestones,,3,Month 3,First Revenue,Target,$30K-50K,Sales,0,N/A,N/A,High,"3-5 customers at launch"
Financial Milestones,,6,Month 6,Series A Ready,Target,$300K-400K ARR,Finance,0,N/A,N/A,High,"Hit profitability metrics"
Financial Milestones,,9,Month 9,Profitability Achieved,Target,$100K+ net income,Finance,0,N/A,N/A,Medium,"Positive net income"
Financial Milestones,,12,Month 12,Series A Close,Target,$1.5-2.5M raised,Finance,0,N/A,N/A,High,"Scale sales team to 50 customers"
Financial Milestones,,15,Month 15,Growth Phase,Target,$3.6M ARR,Finance,0,N/A,N/A,Medium,"80 customers, 110%+ NRR"
Financial Milestones,,18,Month 18,Profitability Sustained,Target,$1.2M+ net income,Finance,0,N/A,N/A,Low,"Revenue growth covers OpEx"
Financial Milestones,,24,Month 24,Series B Ready,Target,$9.6M ARR,Finance,0,N/A,N/A,Low,"140-160 customers, 15x growth from V1.0"

Customer Growth,,0,Month 0,Launch,0,0,Sales,0,0,N/A,N/A,"0 customers at inception"
Customer Growth,,3,Month 3,Early Traction,5,5,Sales,0,0,N/A,High,"3-5 paid customers"
Customer Growth,,6,Month 6,PMF Validation,25,20,Sales,0,0,N/A,High,"20 new customers acquired"
Customer Growth,,9,Month 9,Platform Launch,40,15,Sales,0,0,N/A,Medium,"Platform enables faster growth"
Customer Growth,,12,Month 12,Series A Momentum,70,30,Sales,0,0,N/A,Medium,"30 new customers"
Customer Growth,,15,Month 15,Marketplace Effect,80,10,Sales,0,0,N/A,Low,"Marketplace accelerates adoption"
Customer Growth,,18,Month 18,AI Differentiation,100,20,Sales,0,0,N/A,Low,"AI features drive upgrades"
Customer Growth,,24,Month 24,Market Leader,160,60,Sales,0,0,N/A,Low,"Federation enables federation growth"

Revenue Metrics,,0,Month 0,Pre-Launch,N/A,$0 MRR,Finance,0,0,N/A,N/A,"No revenue yet"
Revenue Metrics,,3,Month 3,Launch,$8K,$96K ARR,Finance,0,0,N/A,High,"Starter tier customers"
Revenue Metrics,,6,Month 6,V1.1 Launch,$60K,$720K ARR,Finance,0,0,N/A,High,"Multiple tiers, verticals"
Revenue Metrics,,9,Month 9,V1.2 Platform,$120K,$1.44M ARR,Finance,0,0,N/A,Medium,"Platform partnerships"
Revenue Metrics,,12,Month 12,Series A Close,$200K,$2.4M ARR,Finance,0,0,N/A,Medium,"Marketplace revenue"
Revenue Metrics,,15,Month 15,Marketplace Maturity,$300K,$3.6M ARR,Finance,0,0,N/A,Low,"Multi-vendor adoption"
Revenue Metrics,,18,Month 18,AI Monetization,$400K,$4.8M ARR,Finance,0,0,N/A,Low,"AI features command premium"
Revenue Metrics,,24,Month 24,Market Leader,$800K,$9.6M ARR,Finance,0,0,N/A,Low,"3-4x growth in final year"

NPS Score Progress,,0,Month 0,Pre-Launch,N/A,0,Product,0,0,N/A,N/A,"No customers yet"
NPS Score Progress,,3,Month 3,Launch,40,40,Product,0,0,N/A,High,"Early adopters satisfied"
NPS Score Progress,,6,Month 6,V1.1 Launch,50,50,Product,0,0,N/A,High,"Multi-vertical validation"
NPS Score Progress,,9,Month 9,V1.2 Platform,55,55,Product,0,0,N/A,Medium,"Platform reduces setup friction"
NPS Score Progress,,12,Month 12,Series A,$60,60,Product,0,0,N/A,Medium,"Enterprise features appreciated"
NPS Score Progress,,15,Month 15,Marketplace,$65,65,Product,0,0,N/A,Low,"Partner ecosystem adds value"
NPS Score Progress,,18,Month 18,AI Launch,70,70,Product,0,0,N/A,Low,"AI-powered features delight customers"
NPS Score Progress,,24,Month 24,Market Leader,70,70,Product,0,0,N/A,Low,"Category leadership"

Uptime SLA,,0,Month 0,Pre-Launch,N/A,N/A,DevOps,0,0,N/A,N/A,"Pre-production"
Uptime SLA,,3,Month 3,Launch,99.95%,99.95%,DevOps,0,0,N/A,High,"29 minutes down/month"
Uptime SLA,,9,Month 9,Platform,99.95%,99.95%,DevOps,0,0,N/A,Medium,"Same target, higher scale"
Uptime SLA,,15,Month 15,Enterprise Ready,99.99%,99.99%,DevOps,0,0,N/A,Low,"4.7 minutes down/month"
Uptime SLA,,24,Month 24,Market Leader,99.99%,99.99%,DevOps,0,0,N/A,Low,"Highest reliability tier"

Test Coverage,,0,Month 0,Pre-Launch,N/A,0%,QA,0,0,N/A,N/A,"No code yet"
Test Coverage,,3,Month 3,Launch,80%,80%,QA,0,0,N/A,High,"Chicago TDD mandatory"
Test Coverage,,6,Month 6,V1.1 Launch,85%,85%,QA,0,0,N/A,High,"Complexity increase"
Test Coverage,,9,Month 9,V1.2 Platform,82%,82%,QA,0,0,N/A,Medium,"Platform adds coverage challenges"
Test Coverage,,15,Month 15,Enterprise,85%,85%,QA,0,0,N/A,Low,"ML testing added"
Test Coverage,,24,Month 24,Market Leader,85%,85%,QA,0,0,N/A,Low,"Federation testing comprehensive"

Documentation Status,,0,Month 0,Pre-Launch,N/A,0%,Tech Writer,0,0,N/A,N/A,"Architecture phase"
Documentation Status,,3,Month 3,Launch,80%,80%,Tech Writer,0,0,N/A,High,"API docs, getting started"
Documentation Status,,6,Month 6,V1.1 Launch,75%,75%,Tech Writer,0,0,N/A,High,"Vertical-specific guides"
Documentation Status,,9,Month 9,V1.2 Platform,70%,70%,Tech Writer,0,0,N/A,Medium,"Partner documentation surge"
Documentation Status,,15,Month 15,Enterprise,75%,75%,Tech Writer,0,0,N/A,Low,"Best practices guides"
Documentation Status,,24,Month 24,Market Leader,80%,80%,Tech Writer,0,0,N/A,Low,"Federation architecture docs"
